"City","Code"
"Barkheda Kalan","07410"
"Abhayapuri","03669"
"Abohar","01634"
"Abu Road","02974"
"Achalpur","07223"
"Achampet","08541"
"Achhnera","05613"
"Adampur Mandi","01669"
"Adhaura","06180"
"Adilabad","08732"
"Adimaly","04864"
"Adoni","08512"
"Adoor","04734"
"Adra","03251"
"Afzalpur","08470"
"Agar","07362"
"Agartala","0381"
"Agathy","04894"
"Agra","0562"
"Aheri","07133"
"Ahmedabad Local","079"
"Ahmednagar","0241"
"Ahmedpur","02381"
"Ahore","02978"
"Ahwa","02631"
"Ainapur","08339"
"Aizwal-I","0389"
"Aizwal-Ii","03838"
"Ajaigarh","07730"
"Ajara","02323"
"Ajmer","0145"
"Ajnala","01858"
"Akbarpur","05111"
"Akbarpur-I","05271"
"Akbarpur-Ii","05275"
"Akhnoor","01924"
"Akkalkot","02181"
"Aklera","07431"
"Akola","0724"
"Akole","02424"
"Akot","07258"
"Alampur","08502"
"Aland","08477"
"Alathur","04922"
"Alibagh","02141"
"Aliganj","05740"
"Aligarh","0571"
"Alipurduar","03564"
"Alirajpur","07394"
"Allagadda","08519"
"Allahabad","0532"
"Alleppy","0477"
"Almora","05962"
"Along","03783"
"Alur","08523"
"Alur","08170"
"Alwar","0144"
"Amagaon","07189"
"Amalapuram","08856"
"Amalner","02587"
"Amangallu","08545"
"Amarpatan","07675"
"Amarpur","06420"
"Amarwada","07167"
"Amb","01976"
"Ambad","02483"
"Ambah","07538"
"Ambala","0171"
"Ambasa","03826"
"Ambasamudram","04634"
"Ambejogai","02446"
"Amber","01423"
"Ambikapur","07774"
"Amet","02908"
"Amethi","05368"
"Amini","04891"
"Amlagora","03227"
"Amlaren","03653"
"Amod","02641"
"Amravati","0721"
"Amreli","02792"
"Amritsar","0183"
"Amroha","05922"
"Anakapalle","08924"
"Anamali","04253"
"Anand","02692"
"Anandapur","06731"
"Anantapur","08554"
"Anantnag","01932"
"Andole","08450"
"Androth","04893"
"Anekal","08110"
"Anini","03801"
"Anjar","02836"
"Ankaleshwar","02646"
"Ankola","08388"
"Anndman Island","03192"
"Anola-I","05823"
"Anola-Ii","05824"
"Antagarh","07847"
"Anugul","06764"
"Anupgarh(E)","01498"
"Anupgarh(W)","01506"
"Arakandanallur","04153"
"Araku","08936"
"Arambagh","03211"
"Arang","07720"
"Arantangi","04371"
"Araria","06453"
"Aravakurichi","04320"
"Areraj","06258"
"Ariyalur","04329"
"Arjuni Merogaon","07196"
"Arki","01796"
"Arkonam","04177"
"Armoor","08463"
"Arni","04173"
"Arone","07545"
"Arrah","06182"
"Arsikere","08174"
"Aruppukottai","04566"
"Arvi","07157"
"Arwal","06337"
"Asansol","0341"
"Ashoknagar","07543"
"Ashta","07560"
"Ashti","02441"
"Asifabad","08733"
"Asind","01480"
"Aska","06822"
"Aspur","02967"
"Assandh","01749"
"Aswaraopet","08740"
"Athani","08289"
"Athgarh","06723"
"Athmallik","06763"
"Atmakur","08517"
"Atmakur","08627"
"Atmakur","08504"
"Atner","07144"
"Atpadi","02343"
"Atrauli","05723"
"Atru","07451"
"Attabira","06682"
"Attingal","0470"
"Attur","04282"
"Aurad","08485"
"Auraiya","05683"
"Aurangabad","06186"
"Aurangabad","02432"
"Ausa","02383"
"Avanashi","04296"
"Azamgarh","05462"
"B. Kothakota","08582"
"Babaichichli","07790"
"Baberu","05190"
"Babhulgaon","07203"
"Bableshwar","08355"
"Babra","02791"
"Bacheli","07857"
"Badagara","0496"
"Badamalhera","07689"
"Badami","08357"
"Badarwsas","07495"
"Badaun","05832"
"Badgam","01951"
"Badnagar","07367"
"Badnawar","07295"
"Badvel","08569"
"Badwani","07290"
"Bagaha","06251"
"Bagalkot","08354"
"Bagbahera","07707"
"Bagdihi","06640"
"Bagepalli","08150"
"Bageshwar","05963"
"Baghmara","03639"
"Baghpat-Ii","01234"
"Bagicha","07769"
"Bagidora","02968"
"Bagli","07271"
"Bagodar","06557"
"Bahadurgarh","01276"
"Baharagora","06594"
"Baheri","05822"
"Bahraich-I","05252"
"Bahraich-Ii","05250"
"Baihar","07636"
"Baikunthpur","07836"
"Bailhongal","08288"
"Baithalangshu","03677"
"Balachaur","01885"
"Balaghat","07632"
"Balangir","06652"
"Balapur","07257"
"Balasinor","02690"
"Balasore","06782"
"Baldeogarh","07684"
"Baldi","07326"
"Bali(N)","02933"
"Bali(S)","02938"
"Baliguda","06846"
"Ballia-I","05498"
"Ballia-Ii","05496"
"Balod","07749"
"Balodabazar","07727"
"Balrampur","07831"
"Balrampur-I","05263"
"Balrampur-Ii","05264"
"Balugaon","06756"
"Balumath","06568"
"Balurghat","03522"
"Bamanwas","07467"
"Bameng","03785"
"Bamori","07540"
"Banaganapalle","08515"
"Banaigarh","06626"
"Banda","07583"
"Banda","05192"
"Bandar","08672"
"Bandhavgarh","07653"
"Bandipur","01957"
"Banera","01487"
"Bangalore","080"
"Bangarpet","08153"
"Bangarupalem","08573"
"Bangiriposi","06791"
"Banjar","01903"
"Banka","06424"
"Bankura","03242"
"Banmankhi","06467"
"Bansada","02630"
"Bansdeeh","05494"
"Bansgaon-I","05525"
"Bansgaon-Ii","05521"
"Bansi","05545"
"Bansur","01461"
"Banswada","08466"
"Banswara","02962"
"Bantwal","08255"
"Bapatla","08643"
"Barabanki","05248"
"Barachakia","06257"
"Barama","03623"
"Baramati","02112"
"Baramulla","01952"
"Baran","07453"
"Barara","01731"
"Barauni","06279"
"Barbil","06767"
"Bardoli","02622"
"Bareilly","0581"
"Bareja","02718"
"Bareli","07486"
"Bargarh","06646"
"Barh","06132"
"Barhi","06543"
"Bari","05647"
"Baripada","06792"
"Barisadri","01473"
"Barkagaon","06551"
"Barkot","06643"
"Barmer (C )","02982"
"Barmer (E )","02983"
"Barmer (N )","02902"
"Barmer (S )","02984"
"Barmer (Sw )","02986"
"Barmer (W )","02985"
"Barnala","01679"
"Baroda","07531"
"Barosi","06451"
"Barpalli","07813"
"Barpeta Road","03666"
"Barshi Takli","07255"
"Barsi","02184"
"Barwadih","06567"
"Barwaha","07280"
"Barwala","02711"
"Barwala","01693"
"Basana","07724"
"Basar","03795"
"Basavakalyan","08481"
"Basavanabagewadi","08358"
"Basavapatna","08180"
"Baseri","05646"
"Basholi","01921"
"Basia","06533"
"Basirhat","03217"
"Basmatnagar","02454"
"Bassein","0250"
"Bassi","01429"
"Basta","06781"
"Bastanar","07862"
"Basti","05542"
"Baswa","01420"
"Batala","01871"
"Batkakhapa","07169"
"Batlagundu","04543"
"Bawal","01284"
"Bawanikhera","01254"
"Bayad","02779"
"Bayana","05648"
"Bderajpur","07849"
"Beawar","01462"
"Bedarwah","01997"
"Begamganj","07487"
"Begun (N)","01474"
"Begun (S)","01475"
"Begusarai","06243"
"Behror","01494"
"Belgaum","0831"
"Bellampalli","08735"
"Bellary","08392"
"Belonia","03823"
"Belthangady","08256"
"Belur","08177"
"Bemetara","07824"
"Benipatti","06271"
"Benipur","06242"
"Beohari","07650"
"Berasia","07565"
"Berchha","07363"
"Berhampur","0680"
"Berhampur","03482"
"Berla","07825"
"Bermo","06549"
"Betanati","06793"
"Bethuadahari","03474"
"Bettiah","06254"
"Betul","07141"
"Bhabhua","06189"
"Bhachav","02837"
"Bhadohi","05414"
"Bhadra","01504"
"Bhadrachalam","08743"
"Bhadrak","06784"
"Bhadravati","08282"
"Bhadrawati","07175"
"Bhagalpur","0641"
"Bhainsa","08752"
"Bhainsdehi","07143"
"Bhairongarh","07789"
"Bhalki","08484"
"Bhamregadh","07134"
"Bhandara","07184"
"Bhandaria","06581"
"Bhander","07523"
"Bhanjanagar","06821"
"Bhanpura","07427"
"Bhanupratappur","07850"
"Bhanvad","02896"
"Bharathpur","07835"
"Bharatpur","05644"
"Bharmour","01895"
"Bharthana","05680"
"Bharuch","02642"
"Bharwari","05331"
"Bhatapara","07726"
"Bhatinda","0164"
"Bhatkal","08385"
"Bhatwari-I","01374"
"Bhatwari-Ii","01377"
"Bhavani","04256"
"Bhavnagar","0278"
"Bhawanathpur","06563"
"Bhawanipatna","06670"
"Bheemunipatnam","08933"
"Bhikangaon","07288"
"Bhilaigarh","07729"
"Bhiloda","02771"
"Bhilwara","01482"
"Bhim(N)","02951"
"Bhim(S)","02909"
"Bhimadole","08829"
"Bhimavaram","08816"
"Bhimpur","07142"
"Bhind","07534"
"Bhinmal(N)","02969"
"Bhinmal(S)","02990"
"Bhir","02442"
"Bhitarwar","07525"
"Bhiwandi","02522"
"Bhiwani","01664"
"Bhiwapur","07106"
"Bhogaon","05673"
"Bhognipur","05113"
"Bhokar","02467"
"Bhokardan","02485"
"Bhongir","08685"
"Bhoom","02478"
"Bhooragamphad","08746"
"Bhopal","0755"
"Bhopalpatnam","07851"
"Bhor","02113"
"Bhubneshwar","0674"
"Bhudargad","02599"
"Bhuj","02832"
"Bhusawal","02582"
"Biaora","07374"
"Bidar","08482"
"Bidhuna","05681"
"Bidupur","06229"
"Biharsharif","06112"
"Bihupuria","03759"
"Bijadandi","07643"
"Bijapur","07853"
"Bijapur","08352"
"Bijawar","07608"
"Bijaypur","07528"
"Bijni","03668"
"Bijnore-I","01342"
"Bijnore-Ii","01345"
"Bikaner ( C)","01521"
"Bikaner ( E)","01522"
"Bikaner ( N)","01520"
"Bikaner ( S)","0151"
"Bikaner ( W)","01523"
"Bikapur","05270"
"Bikram","06135"
"Bikramganj","06185"
"Bilara(N)","02920"
"Bilara(S)","02930"
"Bilari","05921"
"Bilasipara","03667"
"Bilaspur","07752"
"Bilaspur","01978"
"Bilgram-I","05851"
"Bilgram-Ii","05855"
"Bilhaur","05112"
"Biligi","08425"
"Billimora","02634"
"Billoli","02465"
"Bina","07580"
"Bindki","05181"
"Birmaharajpur","06651"
"Birpara","03563"
"Birpur","06471"
"Birsa","07637"
"Birsinghpur","07655"
"Bisalpur","05881"
"Bisam Cuttack","06863"
"Bisauli","05834"
"Bishanpur","03244"
"Bishenupur","03879"
"Bishrampur","06584"
"Biswan","05863"
"Bitra","04890"
"Boath","08751"
"Bobbili","08944"
"Bodhan","08467"
"Bodla","07740"
"Bokaband","07867"
"Bokajan","03675"
"Bokakhat","03776"
"Bokaro","06542"
"Boko","03621"
"Bolpur","03463"
"Bolwa","06539"
"Bongoan","03215"
"Bonli","07466"
"Boriguma","06860"
"Borsad","02696"
"Botad","02849"
"Boudh","06841"
"Brahmapuri","07177"
"Budhana","01392"
"Budhni","07564"
"Buguda","06818"
"Bulandshahar","05732"
"Bulbulchandi","03511"
"Buldhana","07262"
"Bundi","0747"
"Bundu","06530"
"Burdwan","0342"
"Burhanpur","07325"
"Butibori","07103"
"Buxer","06183"
"Buxwaha","07609"
"Calcutta","033"
"Calicut","0495"
"Canacona","08346"
"Cannanore","0497"
"Canning","03218"
"Capianganj-Ii","05563"
"Captanganj-I","05567"
"Chachaura","07546"
"Chaibasa","06582"
"Chainpur","06586"
"Chainpur","06535"
"Chakai","06347"
"Chakardharpur","06587"
"Chakia","05413"
"Chakpikarong","03878"
"Chakrata","01360"
"Chalisgaon","02589"
"Chamba","01899"
"Chamoli","01372"
"Chamorshi","07135"
"Champadanga","03212"
"Champai-I","03831"
"Champai-Ii","03830"
"Champawat","05965"
"Chanasma","02734"
"Chandauli","05412"
"Chandbali","06786"
"Chandel","03872"
"Chanderi","07547"
"Chandgad","02320"
"Chandigarh","0172"
"Chandil","06591"
"Chandipara","07818"
"Chandoor","08681"
"Chandrapur","07172"
"Chandur Rly.","07222"
"Chandurbazar","07227"
"Changlang","03808"
"Chanwad","02556"
"Chapara","06152"
"Charkhari","05283"
"Charkhidadri","01250"
"Chatra","06541"
"Chaurai","07166"
"Chavitidibbalu","08863"
"Chavparan","06547"
"Cheeka","01743"
"Chejerla","08628"
"Chengalpattu","044"
"Chengam","04188"
"Chennai","044"
"Chepurupalli","08952"
"Cherial","08710"
"Cherrapunjee","03637"
"Chetlet","04899"
"Chevella","08417"
"Chhabra","07452"
"Chhachrauli","01735"
"Chhapara","07691"
"Chhata","05662"
"Chhatarpur","07682"
"Chhatrapur","06811"
"Chhendipada","06761"
"Chhibramau","05691"
"Chhikaldara","07220"
"Chhinagarh","07863"
"Chhindwara","07162"
"Chhipaborad","07454"
"Chhota Udaipur","02669"
"Chhuriakala","07745"
"Chicholi","07145"
"Chidambaram","04144"
"Chikhali","07264"
"Chinchwad","0212"
"Chingmut","07855"
"Chinnor","08737"
"Chintalapudi","08823"
"Chintapalle","08937"
"Chiplun","02355"
"Chirala","08594"
"Chirawa","01596"
"Chirgaon","05170"
"Chitrangi","07806"
"Chittoor","08572"
"Chittorgarh","01472"
"Chodavaram","08934"
"Chohtan (N)","02989"
"Chohtan (S)","02903"
"Chopda","02586"
"Chotila","02751"
"Chowkhem","03806"
"Chuikhadan","07743"
"Chumur","07170"
"Chunur","05443"
"Churah","01896"
"Churchandpur","03874"
"Churhat","07802"
"Churu","01562"
"Coimbatore","0422"
"Contai","03220"
"Coochbehar","03582"
"Cuddalore","04142"
"Cuddapah","08562"
"Cumbum","08406"
"Cumbum","04554"
"Cuttack","0671"
"Dabhara","07758"
"Dabhoi","02663"
"Dabra","07524"
"Dabwali","01668"
"Dadengiri","03650"
"Dahanu","02528"
"Dahod","02673"
"Daimond Harbour","03174"
"Dalkhola","03525"
"Dallirajhara","07748"
"Dalmau-I","05317"
"Dalmau-Ii","05315"
"Dalsinghsarai","06278"
"Daltonganj","06562"
"Damnagar","02793"
"Damoh","07638"
"Damoh","07812"
"Danapur","06115"
"Danta","02749"
"Dantan","03229"
"Dantaramgarh(E)","01576"
"Dantaramgarh(W)","01577"
"Dantewada","07856"
"Dapoli","02358"
"Daporizo","03792"
"Darbhanga","06272"
"Daringbadi","06849"
"Darjeeling","0354"
"Darsi","08407"
"Darwaha","07238"
"Daryapur","07224"
"Dasada","02757"
"Daspalla","06757"
"Dasua","01883"
"Dataganj","05831"
"Datia","07522"
"Daudnagar","06328"
"Daund","02117"
"Dausa","01427"
"Debai","05734"
"Dediapada","02649"
"Deedwana","01580"
"Deeg","05641"
"Deesa","02744"
"Degana","01587"
"Degloor","02463"
"Dehgam","02716"
"Dehra Gopipur","01970"
"Dehradun","0135"
"Delhi Tanda","02460"
"Demagiri","03834"
"Denkanikoitah","04347"
"Deoband","01336"
"Deobhog","07704"
"Deodar","02735"
"Deodgarh","06641"
"Deogad","02364"
"Deogarh","02904"
"Deoghar","06432"
"Deolgaonraja","07261"
"Deoli","07158"
"Deoli","01434"
"Deoprayag-I","01378"
"Deoprayag-Ii","01370"
"Deori","07586"
"Deori","07199"
"Deoria","05568"
"Deosar","07801"
"Depalpur","07322"
"Derapur","05114"
"Desaiganj","07137"
"Desuri","02934"
"Devakottai","04561"
"Devarakonda","08691"
"Devgadhbaria","02678"
"Dewas","07272"
"Dhadgaon","02595"
"Dhaka","06250"
"Dhakuakhana","03758"
"Dhamda","07821"
"Dhamdaha","06462"
"Dhampur","01344"
"Dhamtari","07722"
"Dhanbad","0326"
"Dhandhuka","02713"
"Dhanera","02748"
"Dhaniakhali","03213"
"Dhanmandal","06725"
"Dhanora","07138"
"Dhar","07292"
"Dharam Nagar","03822"
"Dharamgarh","06672"
"Dharamjaigarh","07766"
"Dharampur","02633"
"Dharampuram","04258"
"Dharampuri","07294"
"Dharani","07226"
"Dharchula","05967"
"Dhari","02797"
"Dhariawad","02950"
"Dharmapuri","04342"
"Dharmavaram","08559"
"Dhemaji","03753"
"Dhenkanal","06762"
"Dhiwadi","02165"
"Dholka","02714"
"Dholpur","05642"
"Dhoraji","02824"
"Dhrangadhra","02754"
"Dhrol","02897"
"Dhubri","03662"
"Dhulia","02562"
"Dhuliyan","03485"
"Dibrugarh","0373"
"Dichpalli","08461"
"Digapahandi","06814"
"Digboi","03751"
"Digod","07455"
"Digras","07234"
"Dimapur","03862"
"Dinanagar","01875"
"Dindigul","0451"
"Dindori","07644"
"Dindori","02557"
"Dinhata","03581"
"Diphu","03671"
"Dirang","03780"
"Divi","08671"
"Doda","01996"
"Domariyaganj","05541"
"Donakonda","08408"
"Dongargarh","07823"
"Dronachalam","08516"
"Dudhi-I","05447"
"Dudhi-Ii","05446"
"Dudu","01428"
"Dumka","06434"
"Dumraon","06323"
"Dumri","06558"
"Dunda","01371"
"Dungarpur","02964"
"Dungla","01470"
"Dunguripali","06653"
"Durg","0788"
"Durgakondal","07843"
"Durgapur","0343"
"Edalabad","02583"
"Ekma","06155"
"Ellenabad","01698"
"Eluru","08812"
"Erandul","02588"
"Ernakulam","0484"
"Erode","0424"
"Etah","05742"
"Etapalli","07136"
"Etawah","05688"
"Eturnagaram","08717"
"Faizabad","05278"
"Faridabad","0129"
"Faridkot","01639"
"Farrukhabad","05692"
"Fatehabad","01667"
"Fatehpur","01571"
"Fatehpur","05240"
"Fatehpur-I","05180"
"Fatehpur-Ii","05183"
"Fazilka","01638"
"Ferojpur Jhirka","01268"
"Ferozabad","05612"
"Ferozepur","01632"
"Fingeshwar","07701"
"Forbesganj","06455"
"Fortsongadh","02624"
"G. Udayagiri","06847"
"Gadarwara","07791"
"Gadhada","02847"
"Gadhchiroli","07132"
"Gadhinglaj","02327"
"Gadwal","08546"
"Gaganbavada","02326"
"Gairatganj","07481"
"Gajapathinagaram","08965"
"Gajwel","08454"
"Gandhi Nagar","02712"
"Gangajalghati","03241"
"Gangakhed","02453"
"Gangapur","02433"
"Gangapur","07463"
"Gangarampur","03521"
"Gangdhar","07435"
"Gangtok","03592"
"Ganjbasoda","07594"
"Garauth","05171"
"Garhashanker","01884"
"Garhmukteshwar","05731"
"Garhwa","06561"
"Gariaband","07706"
"Gariadhar","02843"
"Garladinne","08551"
"Garoth","07425"
"Garpa","07846"
"Garu","06569"
"Gauzing","03595"
"Gaya","0631"
"Gerhi","02963"
"Gevrai","02447"
"Ghaghra","06523"
"Ghansour","07693"
"Gharaunda","01748"
"Gharghoda","07767"
"Ghatal","03225"
"Ghatampur","05115"
"Ghatanji","07230"
"Ghatgaon","06733"
"Ghatia","07368"
"Ghatigaon","07526"
"Ghatol","02961"
"Ghatsila","06585"
"Ghaziabad+Dadri","0120"
"Ghazipur","0548"
"Ghorandogri","07146"
"Ghosi","05461"
"Ghughari","07647"
"Giddalur","08405"
"Gingee","04145"
"Giridih","06532"
"Girwa","0294"
"Goalpara","03663"
"Gobichettipalayam","04285"
"Godda","06422"
"Godhra","02672"
"Gogaon","07287"
"Gogodar","02806"
"Gogri","06245"
"Gogunda","07865"
"Gogunda","02956"
"Gohad","07539"
"Gohana","01263"
"Goharganj","07480"
"Gohpur","03715"
"Goindwal","01859"
"Golaghat","03774"
"Golegaon","02439"
"Gomia","06544"
"Gonda","05262"
"Gondal","02825"
"Gondia","07182"
"Gondpipri","07171"
"Gooty","08552"
"Gopalganj","06156"
"Gopalganj","07695"
"Gorakhpur","0551"
"Goregaon","07187"
"Gotegaon","07794"
"Gourihar","07688"
"Govindpur","06540"
"Gudalur","04262"
"Gudari","06862"
"Gudivada","08674"
"Gudiyatham","04171"
"Gudur","08525"
"Gudur","08624"
"Guhagar","02359"
"Gumla","06524"
"Guna","07542"
"Gunnaur","05836"
"Gunnore","07731"
"Guntur","0863"
"Gunupur","06857"
"Gurdaspur","01874"
"Gurgaon","0124"
"Guruharsahai","01685"
"Guskara","03452"
"Guwahati","0361"
"Gwalior","0751"
"Gyraspur","07596"
"H.Kharagpur","06342"
"Habra","03216"
"Hadgaon","02468"
"Haidergarh","05244"
"Hailakandi","03844"
"Hajipur","06224"
"Hajo","03664"
"Haldia","03224"
"Haldwani-I","05946"
"Haldwani-Ii","05945"
"Halflong","03673"
"Halol","02676"
"Halvad","02758"
"Hamirpur","01972"
"Hamirpur","05282"
"Hansi","01663"
"Hanumana","07664"
"Hanumangarh","01552"
"Hapur","0122"
"Harapanahalli","08398"
"Harda","07577"
"Hardoi-I","05852"
"Hardoi-Ii","05850"
"Harij","02733"
"Harirampur","03524"
"Harishchandrapur","03513"
"Harrai","07168"
"Harraiya","05546"
"Harsud","07327"
"Harur","04346"
"Hasanganj","05143"
"Hasanpur","05924"
"Hassan","08172"
"Hathras","05722"
"Hathua","06150"
"Hatkangale","02324"
"Hatta","07604"
"Haveri","08375"
"Hayuliang","03805"
"Hazaribagh","06546"
"Hebri","08253"
"Hemgiri","06621"
"Hilsa","06111"
"Himatnagar","02772"
"Hindaun","07469"
"Hindol","06732"
"Hindoli","07436"
"Hindupur","08556"
"Hinganghat","07153"
"Hingoli","02456"
"Hingua","07104"
"Hirekerur","08376"
"Hiriyur","08193"
"Hissar","01662"
"Hojai","03674"
"Holalkere","08191"
"Holenarsipur","08175"
"Honnali","08188"
"Honnavar","08387"
"Hosadurga","08199"
"Hosakote","08111"
"Hosanagara","08185"
"Hoshangabad","07574"
"Hoshiarpur","01882"
"Hospet","08394"
"Hosur","04344"
"Howraghat","03676"
"Hubli","0836"
"Hukkeri","08333"
"Humnabad","08483"
"Hungund","08351"
"Hunsabad","08721"
"Hunsagi","08444"
"Hunsur","08222"
"Hunterganj","06550"
"Hurda","01483"
"Huri","03789"
"Huvinahadagali","08399"
"Huzurabad","08727"
"Huzurnagar","08683"
"Hyderabad East","08415"
"Hyderabad Local","040"
"Hyderabad West","08413"
"Ibrahimpatnam","08414"
"Ichak","06548"
"Ichhawar","07561"
"Idar","02778"
"Igatpuri","02553"
"Ilamidi","07854"
"Imamganj","06331"
"Imphal","0385"
"Indapur","02111"
"Indi","08359"
"Indore","0731"
"Irinjalakuda","0480"
"Isagarh","07541"
"Islampur","02342"
"Islampur(M)","03481"
"Islampur(Nd)","03526"
"Itanagar","0360"
"Itarsi","07572"
"Itki","06529"
"Jabalpur","0761"
"Jabera","07606"
"Jagadhari","01732"
"Jagalur","08196"
"Jagarnathpur","06588"
"Jagatballavpur","03214"
"Jagatsinghpur","06724"
"Jagdalpur","07782"
"Jaggayyapet","08654"
"Jagraon","01624"
"Jagtial","08724"
"Jahanabad","06114"
"Jahazpur","01485"
"Jainagar","06246"
"Jaipur","0141"
"Jairampur","03800"
"Jaisalmer-01","02991"
"Jaisalmer-02","03018"
"Jaisalmer-03","02999"
"Jaisalmer-04","03010"
"Jaisalmer-05","02998"
"Jaisalmer-06","03011"
"Jaisalmer-07","02997"
"Jaisalmer-08","03012"
"Jaisalmer-09","03013"
"Jaisalmer-10","03014"
"Jaisalmer-11","02992"
"Jaisalmer-12","02993"
"Jaisalmer-13","03015"
"Jaisalmer-14","03016"
"Jaisinghnagar","07651"
"Jaitaran","02939"
"Jaithari","07659"
"Jaitpur","07657"
"Jaitwara","07671"
"Jajpur Road","06726"
"Jajpur Town","06728"
"Jal Andhar","0181"
"Jalalabad","05843"
"Jalaun","05168"
"Jalesar","05745"
"Jalgaon","0257"
"Jalgaonjamod","07266"
"Jalna","02482"
"Jalore(E)","02973"
"Jalore(W)","02977"
"Jalpaiguri","03561"
"Jalukie","03839"
"Jamai","07160"
"Jamankira","06649"
"Jambusar","02644"
"Jamjodhpur","02898"
"Jamkalyanpur","02891"
"Jamkhandi","08353"
"Jamkhed","02421"
"Jammalamadugu","08560"
"Jammu","0191"
"Jamnagar","0288"
"Jamner","02580"
"Jamshedpur","0657"
"Jamtara","06433"
"Jamui","06345"
"Jamwa-Ramgarh","01426"
"Jangaon","08716"
"Jangareddygudem","08821"
"Janjgir","07817"
"Jannaram","08739"
"Jansath","01396"
"Jaora","07414"
"Japla","06566"
"Jarar","05614"
"Jarwa","07787"
"Jasdan","02821"
"Jashipur","06797"
"Jashpurnagar","07763"
"Jasrana","05671"
"Jatara","07681"
"Jath","02344"
"Jatusana","01281"
"Jaunpur","05452"
"Jawad","07420"
"Jawahar","02520"
"Jayal","01583"
"Jayamkondan","04331"
"Jayapatna","06673"
"Jetpur","02823"
"Jewargi","08442"
"Jeypur","06854"
"Jhabua","07392"
"Jhadol","02959"
"Jhagadia","02645"
"Jhajha","06349"
"Jhajjar","01251"
"Jhalawar","07432"
"Jhalda","03254"
"Jhalod","02679"
"Jhanjharpur","06273"
"Jhansi","05174"
"Jhargram","03221"
"Jharigan","06867"
"Jharmundi","06431"
"Jharsuguda","06645"
"Jhinkpani","06589"
"Jhumaritalaiya","06534"
"Jhunjhunu(N)","01595"
"Jhunjhunu(S)","01592"
"Jind","01681"
"Jintdor","02457"
"Jiribam","03876"
"Jobat","07393"
"Jodhpur(E)","0291"
"Jodhpur(W)","02931"
"Jodia","02893"
"Jogindernagar","01908"
"Joida","08383"
"Jora","07537"
"Jorhat","0376"
"Joshimath-I","01389"
"Joshimath-Ii","01381"
"Jowai","03652"
"Jugial","01870"
"Jujumura","06681"
"Julana","01683"
"Junagarh","0285"
"Junnar","02132"
"K.R. Nagar","08223"
"Kadamath","04897"
"Kadipur","05364"
"Kadiri","08494"
"Kadur","08267"
"Kagal","02325"
"Kahalgaon","06429"
"Kaij","02445"
"Kaikaluru","08677"
"Kailashar","03824"
"Kaimganj","05690"
"Kairana","01398"
"Kaisarganj-I","05251"
"Kaisarganj-Ii","05255"
"Kaithal","01746"
"Kakaiya","07649"
"Kakdwip","03210"
"Kakinada","0884"
"Kalakot","01964"
"Kalaktung","03782"
"Kalamb","07201"
"Kalamnuri","02455"
"Kalanaur","01258"
"Kalanwali","01696"
"Kalawad","02894"
"Kalchini","03566"
"Kalghatagi","08370"
"Kalimela","06850"
"Kalimpong","03552"
"Kalka","01733"
"Kallam","02473"
"Kallkurichi","04151"
"Kalmeshwar","07118"
"Kalna","03454"
"Kalol","02764"
"Kalpa","01786"
"Kalpeni","04895"
"Kalpetta","04936"
"Kalpi","05164"
"Kalwakurthy","08549"
"Kalwan","02592"
"Kalyan","0251"
"Kalyandurg","08497"
"Kamakhyanagar","06769"
"Kamalapur","08478"
"Kamalapuram","08563"
"Kaman","05640"
"Kamareddy","08468"
"Kambadur","08492"
"Kamptee","07109"
"Kanaganapalle","08491"
"Kanakapura","08117"
"Kanchipuram","044"
"Kandhar","02466"
"Kandi","03484"
"Kandukuru","08598"
"Kangayam","04257"
"Kangra","01892"
"Kanhangad","04997"
"Kanigiri","08402"
"Kanjirapally","04828"
"Kankavali","02367"
"Kanker","07868"
"Kannad","02435"
"Kannauj","05694"
"Kannod","07273"
"Kannodi","07656"
"Kanpur","0512"
"Kantabhanji","06657"
"Kantamal","06844"
"Kapad Wanj","02691"
"Kapasan","01476"
"Kapurthala","01822"
"Karad","02164"
"Karaikal","04368"
"Karaikudi","04565"
"Karan Prayag","01363"
"Karanjia","07645"
"Karanjia","06796"
"Karauli","07464"
"Karchhana","05333"
"Kareli","07793"
"Karera","07493"
"Kargal","08186"
"Kargil","01985"
"Karhal","07533"
"Karhal","05677"
"Karimganj","03843"
"Karimnagar","0878"
"Karimpur","03471"
"Karjat","02489"
"Karjat","02148"
"Karkala","08258"
"Karmala","02182"
"Karnah","01958"
"Karnal","0184"
"Karpa","07628"
"Karungapally","0476"
"Karur","04324"
"Karvi-I","05198"
"Karvi-Ii","05194"
"Karwar","08382"
"Kasargode","04994"
"Kasdol","07728"
"Kasganj","05744"
"Kashipur","06865"
"Kashipur","05947"
"Kasrawad","07285"
"Katangi","07630"
"Kathdol","07770"
"Kathghora","07815"
"Kathikund","06427"
"Kathua","01922"
"Katihar","06452"
"Katni","07622"
"Katol","07112"
"Katoria","06425"
"Katwa","03453"
"Kavali","08626"
"Kavarathy","04896"
"Kavathemankal","02341"
"Kawardha","07741"
"Kedgaon","02119"
"Keeranur","04339"
"Kekri (E)","01467"
"Kekri (W)","01466"
"Kendrapara","06727"
"Keolari","07694"
"Keonjhar","06766"
"Kerakat","05450"
"Keshod","02871"
"Keshoraipatan","07438"
"Keskal","07848"
"Khachrod","07366"
"Khadakwasala","0230"
"Khaga","05182"
"Khagaria","06244"
"Khair","05724"
"Khairgarh","07820"
"Khajuraho","07686"
"Khakner","07329"
"Khalikote","06810"
"Khalilabad-I","05547"
"Khalilabad-Ii","05548"
"Khalwa","07328"
"Khambat","02698"
"Khambhalia","02833"
"Khamgaon","07263"
"Khammam","08742"
"Khanapur","08336"
"Khanapur(Ap)","08730"
"Khandar","07468"
"Khandwa","0733"
"Khaniadhana","07497"
"Khanpur","07430"
"Kharagpur","03222"
"Kharar","0160"
"Khargone","07282"
"Kharsawa","06583"
"Khategaon","07274"
"Khatima-I","05943"
"Khatima-Ii","05948"
"Khatra","03243"
"Khavda","02803"
"Khed","02356"
"Khedbrahma","02775"
"Kheralu","02761"
"Kheri-I","05872"
"Kheri-Ii","05870"
"Kherwara","02907"
"Khetia","07286"
"Khetri","01593"
"Khilchipur","07370"
"Khirkiya","07571"
"Khliehriat","03655"
"Khonsa","03786"
"Khopoli","02192"
"Khowai","03825"
"Khultabad","02437"
"Khunti","06528"
"Khurai","07581"
"Khurda","06755"
"Khurja","05738"
"Kichha-I","05944"
"Kichha-Ii","05949"
"Kiltan","04898"
"Kinwat","02469"
"Kiphire","03863"
"Kishanganj","06466"
"Kishanganj","07456"
"Kishangarh (N)","01497"
"Kishangarh (S)","01463"
"Kishangarhbas","01460"
"Kishtwar","01995"
"Kodaikanal","04542"
"Kodangal","08505"
"Kodinar","02795"
"Kodumudi","04204"
"Koduru","08566"
"Koduvayur","04923"
"Kohima","0370"
"Koilkuntla","08510"
"Kokarajhar","03661"
"Kolar","08152"
"Kolaras","07494"
"Kolaring","03788"
"Kolasib","03837"
"Kolayat-I","01533"
"Kolayat-Ii","01534"
"Kolayat-Iii","01535"
"Kolayat-Iv","01536"
"Kolebira","06527"
"Kolhapur","0231"
"Kollapur","08501"
"Kollegal","08224"
"Komana","06679"
"Konch","05165"
"Kondagaon","07786"
"Konta","07866"
"Kopargaon","02423"
"Koppa","08265"
"Koppal","08539"
"Koraput","06852"
"Koratageri","08138"
"Korba","07759"
"Koregaon","02163"
"Korha","06457"
"Kosli","01259"
"Kota","07753"
"Kotagarh","06848"
"Kotagiri","04266"
"Kotdasanghani","02827"
"Kothagudem","08744"
"Kotkapura","01635"
"Kotma","07658"
"Kotputli","01421"
"Kotra","02958"
"Kotri","01488"
"Kottayam","0481"
"Kovilpatti","04632"
"Kovvur","08622"
"Kovvur","08813"
"Koyelibeda","07840"
"Krishnagiri","04343"
"Krishnanagar","03472"
"Krishnarajapet","08230"
"Krosuru","08640"
"Kuakunda","07858"
"Kuchinda","06642"
"Kudal","02362"
"Kudligi","08391"
"Kuhi","07100"
"Kukshi","07297"
"Kulgam","01931"
"Kulithalai","04323"
"Kullu","01902"
"Kumbakonam","0435"
"Kumbalgarh","02954"
"Kumta","08386"
"Kunda","05341"
"Kundam","07623"
"Kundapur","08254"
"Kundgol","08304"
"Kunigal","08132"
"Kunkawav","02796"
"Kunkuri","07764"
"Kunnamkulam","04885"
"Kuppam","08570"
"Kupwara","01955"
"Kurkheda","07139"
"Kurnool","08518"
"Kurud","07705"
"Kurugodu","08393"
"Kurukshetra","01744"
"Kurwai","07593"
"Kushalgarh","02965"
"Kusmi","07804"
"Kustagi","08536"
"Kusumba","02560"
"Kutchmandvi","02834"
"Kutiyana","02804"
"Kuzhithurai","04651"
"Ladnun","01581"
"Ladpura","0744"
"Laher","07529"
"Lahul","01900"
"Lahunipara","06625"
"Lakhandur","07181"
"Lakhisarai","06346"
"Lakhnadon","07690"
"Lakhpat","02839"
"Lakhtar","02759"
"Lakkireddipalli","08567"
"Lalganj","05463"
"Lalitpur-I","05176"
"Lalitpur-Ii","05175"
"Lalpur","02895"
"Lalsot","01431"
"Lamta","07634"
"Langa","02351"
"Lanji","07635"
"Lansdown-I","01386"
"Lansdown-Ii","01382"
"Lansdown-Iii","01348"
"Latehar","06565"
"Lateri","07590"
"Latur","02382"
"Laundi","07687"
"Laxmangarh","01492"
"Laxmangarh(E)","01573"
"Laxmangarh(W)","01570"
"Laxmipur","06855"
"Leh","01982"
"Limbdi","02753"
"Limkheda","02677"
"Lingsugur","08537"
"Lohadigundah","07859"
"Lohardaga","06526"
"Loharu","01252"
"Lonar","07260"
"Lonavala","02114"
"Lormi","07756"
"Lucknow","0522"
"Luckwada","07788"
"Ludhiana","0161"
"Lunavada","02674"
"Lungleh","0372"
"Lunkaransar-I","01529"
"Lunkaransar-Ii","01526"
"Lunkaransar-Iii","01527"
"Lunkaransar-Iv","01528"
"M. Rampur","06676"
"M.M.Mangrol","02629"
"Machlishahar","05454"
"Madakasira","08493"
"Madanapalli","08571"
"Madangad","02350"
"Madha","02183"
"Madhepura","06476"
"Madhira","08749"
"Madhubani","06276"
"Madhupur","06438"
"Madikeri","08272"
"Madnur","08464"
"Madugiri","08137"
"Madurai","0452"
"Madurantgam","044"
"Mahabaleswar","02168"
"Mahabubabad","08719"
"Mahabubnagar","08542"
"Mahad","02145"
"Mahadevapur","08720"
"Mahagama","06437"
"Mahagaon","07236"
"Maharajganj","06153"
"Maharajganj","05523"
"Mahasala","02149"
"Mahasamund","07723"
"Mahaswad","02373"
"Maheshpur Raj","06423"
"Maheshwar","07283"
"Mahidpurcity","07365"
"Mahoba","05281"
"Mahore","01999"
"Mahua","06227"
"Mahuva","02844"
"Mahuwa","07461"
"Maibong","03670"
"Maihar","07674"
"Mainpuri","05672"
"Mairwa","06157"
"Majhagwan","07670"
"Majholi","07803"
"Majuli","03775"
"Makodi","07785"
"Makthal","08503"
"Mal Bazar","03562"
"Malaut","01637"
"Malavalli","08231"
"Malda","03512"
"Malegaon","02554"
"Malerkotla","01675"
"Malgaon","07254"
"Malgund","02357"
"Malhargarh","07424"
"Malia-Hatina","02870"
"Malihabad","05212"
"Maliya Miyana","02829"
"Malkangiri","06861"
"Malkapur","07267"
"Mallehpur","06348"
"Malpur","02773"
"Malpura","01437"
"Malsuras","02185"
"Malur","08151"
"Malvi","02955"
"Malwan","02365"
"Manamadurai","04574"
"Mananthodi","04935"
"Manaparai","04332"
"Manasa","07421"
"Manavadar","02874"
"Manawar","07291"
"Manbazar","03253"
"Mancher","02133"
"Mancherial","08736"
"Mandal","01486"
"Mandalgarh","01489"
"Mandapeta","08855"
"Mandar","06531"
"Mandawar","01495"
"Mandi","01905"
"Mandla","07642"
"Mandsaur","07422"
"Mandu","06545"
"Mandvi","02623"
"Mandya","08232"
"Manendragarh","07771"
"Mangalagiri","08645"
"Mangaldoi","03713"
"Mangalore","0824"
"Mangalwedha","02188"
"Mangaon","02140"
"Mangrol","02878"
"Mangrol","07457"
"Mangrulpur","07253"
"Manjalegaon","02443"
"Manjeri","0483"
"Manmad","02591"
"Mannarghat","04924"
"Mannargudi","04367"
"Manoharpur","06593"
"Manpur","07703"
"Manpur","07746"
"Manpur","07627"
"Mansa","01652"
"Manthani","08729"
"Manvi","08538"
"Mao","03871"
"Maregaon","07237"
"Margaon","08342"
"Mariang","03657"
"Mariani","03771"
"Mariyahu","05451"
"Mariyang","03798"
"Markapur","08596"
"Marturu","08404"
"Marwahi","07750"
"Marwar-Jn","02935"
"Mashal","08471"
"Masrakh","06159"
"Math","05664"
"Mathabhanga","03583"
"Mathili","06864"
"Mathura","0565"
"Mau","05195"
"Maudaha","05284"
"Mauganj","07663"
"Maunathbhanjan","05464"
"Mauranipur","05178"
"Mavelikkara","0479"
"Mawai","07648"
"Mawana","01233"
"Mawkyrwat","03656"
"Mayiladutjurai","04364"
"Mechuka","03793"
"Medachal","08418"
"Medak","08452"
"Medarmetla","08593"
"Meerut","0121"
"Meham","01257"
"Mehda","02378"
"Mehgaon","07527"
"Mehmedabad","02694"
"Mehraun","05172"
"Mehsana","02762"
"Meja","05334"
"Mekhar","07268"
"Mekhliganj","03584"
"Merta(E)","01590"
"Merta(W)","01591"
"Metpalli","08725"
"Mettupalayam","04254"
"Metturdam","04298"
"Mhow","07324"
"Miao","03807"
"Minicoy","04892"
"Mirzapur-I","05442"
"Mirzapur-Ii","05440"
"Misrikh-I","05865"
"Misrikh-Ii","05861"
"Miyagam","02666"
"Modasa","02774"
"Modinagar","01232"
"Moga","01636"
"Mohadi","07197"
"Mohamdabad","05493"
"Mohamdi-I","05876"
"Mohamdi-Ii","05875"
"Mohana","06816"
"Mohania","06187"
"Mohindergarh","01285"
"Mohla","07747"
"Mohol","02189"
"Mokhada","02529"
"Mokokchung","0369"
"Molkalmuru","08198"
"Mon","03869"
"Monghyr","06344"
"Moradabad","0591"
"Moranhat","03754"
"Morena","07532"
"Morigaon","03678"
"Morshi","07228"
"Morvi","02822"
"Motihari","06252"
"Motipur","06223"
"Motu","06859"
"Mouda","07115"
"Mriyalguda","08689"
"Mudalgi","08334"
"Muddebihal","08356"
"Mudhol","08350"
"Mudigere","08263"
"Mudukulathur","04576"
"Mukhed","02461"
"Muktasar","01633"
"Mul","07174"
"Mulanur","04202"
"Mulbagal","08159"
"Muli","02756"
"Multai","07147"
"Mulug","08715"
"Mumbai","022"
"Mundagod","08301"
"Mundargi","08371"
"Mundra","02838"
"Mungaoli","07548"
"Mungeli","07755"
"Munnar","04865"
"Munsiari","05961"
"Murbad","02524"
"Muri","06522"
"Murshidabad","03483"
"Murtizapur","07256"
"Murud","02144"
"Murugod","08337"
"Musafirkhana","05361"
"Musiri","04326"
"Muvattupuzha","0485"
"Muzaffarnagar","0131"
"Muzaffarpur","0621"
"Mylavaram","08659"
"Mysore","0821"
"Nabha","01765"
"Nabinagar","06332"
"Nadbai","05643"
"Nadiad","0268"
"Nagamangala","08234"
"Nagaon","03672"
"Nagapattinam","04365"
"Nagarakata","03565"
"Nagarcoil","04652"
"Nagarkurnool","08540"
"Nagarutatri","06564"
"Nagaur(E)","01584"
"Nagaur(N)","01582"
"Nagaur(W)","01585"
"Nagbhir","07179"
"Nagina","01343"
"Nagod","07673"
"Nagpur","0712"
"Nagri","07700"
"Nahan","01702"
"Nahavara","02137"
"Nainital","05942"
"Nainpur","07646"
"Nainwa","07437"
"Najibabad","01341"
"Nakhatrana","02835"
"Nakodar","01821"
"Naktideul","06647"
"Nakur","01331"
"Nala","06428"
"Nalagarh","01795"
"Nalbari","03624"
"Nalgonda","08682"
"Nalhati","03465"
"Nalia","02831"
"Nallacheruvu","08498"
"Namakkal","04286"
"Nampalle","08692"
"Nandapur","06868"
"Nanded","02462"
"Nandgaon","07221"
"Nandgaon","02552"
"Nandigama","08678"
"Nandikotkur","08513"
"Nandnva","07279"
"Nandurbar","02564"
"Nandyal","08514"
"Nangal","01887"
"Nanguneri","04635"
"Nanjangud","08221"
"Nanpara-I","05253"
"Nanpara-Ii","05254"
"Naraingarh","01734"
"Naraini","05191"
"Narainpur","07781"
"Narasampet","08718"
"Narasaraopet","08647"
"Narayanakhed","08456"
"Narayanpet","08506"
"Nargund","08377"
"Narkatiaganj","06253"
"Narkhed","07105"
"Narlaroad","06677"
"Narnaul","01282"
"Narsapur","08458"
"Narsapur","08814"
"Narsimrajapur","08266"
"Narsingarh","07375"
"Narsinghpur","07792"
"Narsinghpur","06721"
"Narsipatnam","08932"
"Narwana","01684"
"Narwar","07491"
"Nasikcity","0253"
"Nasirabad","01491"
"Nasrullaganj","07563"
"Naswadi","02661"
"Nateran","07595"
"Natham","04544"
"Nathdwara","02953"
"Naugachia","06421"
"Naugarh-I","05544"
"Naugarh-Ii","05543"
"Navalgund","08380"
"Navapur","02569"
"Navasari","02637"
"Navi Mumbai","0215"
"Nawa","01586"
"Nawabganj","05825"
"Nawada","06324"
"Nawanshahar","01823"
"Nayagarh","06753"
"Nayagarh","03223"
"Nazvidu","08656"
"Nedumandad","04728"
"Nedumgandam","04868"
"Neem Ka Thana","01574"
"Neemuch","07423"
"Nefra","03784"
"Nelamangala","08118"
"Nelloe","0861"
"Neora","07721"
"Ner","02481"
"Netanar","07861"
"New Delhi","011"
"Newai","01438"
"Newasa","02427"
"Nicobar Island","03193"
"Nidamanur","08680"
"Nighasan-I","05871"
"Nighasan-Ii","05873"
"Nighasan-Iii","05874"
"Nilambur","04931"
"Nilanga","02384"
"Nilokheri","01745"
"Nimapara","06758"
"Nimbahera","01477"
"Nimburga","08440"
"Niphad","02550"
"Nirmal","08734"
"Nirmand","01904"
"Niwari","07680"
"Niwas","07641"
"Nizamabad","08462"
"Nizar","02628"
"Noamundi","06596"
"Nobra","01980"
"Nohar( C)","01537"
"Nohar(E)","01555"
"Nohar(W)","01502"
"Nokha (E)","01531"
"Nokha (W)","01532"
"Nongpoh","03638"
"Nongstoin","03654"
"North Lakhimpur","03752"
"Nowgaon","07685"
"Nowparatan","06678"
"Nowrangapur","06858"
"Nowshera","01960"
"Nuguru","08747"
"Nuh","01267"
"Nurpur","01893"
"Nyoma","01981"
"Oddanchatram","04553"
"Odgi","07773"
"Okha","02892"
"Omalpur","04290"
"Omerga","02475"
"Ongole","08592"
"Ootacamund","0423"
"Orai","05162"
"Orathanad","04372"
"Osian(E)","02927"
"Osian(N)","02922"
"Osian(S)","02926"
"Osmanabad","02472"
"Outsarangapalle","08753"
"Pachmarhi","07578"
"Pachora","02596"
"Pachpadara (E)","02980"
"Pachpadara (W)","02988"
"Pachpahar","07433"
"Padam","01983"
"Padamkot","07783"
"Padampur","06683"
"Padampur","01505"
"Paddhari","02820"
"Paderu","08935"
"Padra","02662"
"Padrauna","05564"
"Pahalgam","01936"
"Pahasu","05733"
"Paikamal","06684"
"Paithan","02431"
"Pakala","08585"
"Pakhanjur","07844"
"Pakkekesang","03778"
"Pakribarwan","06325"
"Pakridayal","06259"
"Pakur","06435"
"Palacode","04348"
"Palai","04822"
"Palakonda","08941"
"Palampur","01894"
"Paland","08642"
"Palani","04545"
"Palanpur","02742"
"Palghar","02525"
"Palghat","0491"
"Pali","07816"
"Pali","02142"
"Pali(N)","02936"
"Pali(S)","02932"
"Palitana","02848"
"Palkot","06536"
"Palla Hara","06765"
"Palladum","04255"
"Palmaneru","08579"
"Palwal","01275"
"Pamuru","08490"
"Pandaria","07754"
"Pandavapura","08236"
"Pandhana","07320"
"Pandharkawada","07235"
"Pandharpur","02186"
"Pandhurna","07164"
"Pandishankar","07819"
"Pangi","01897"
"Pangin","03797"
"Panhala","02328"
"Panipat","0180"
"Panji","0832"
"Panna","07732"
"Paonta","01704"
"Papadhandi","06869"
"Papanasam","04374"
"Parajang","06768"
"Paramakudi","04564"
"Paranda","02477"
"Parasgaon","07784"
"Parasia","07161"
"Parbatsar(N)","01588"
"Parbatsar(S)","01589"
"Parbhani","02452"
"Pardip","06722"
"Pargi","08412"
"Parkal","08713"
"Parlakhemundi","06815"
"Parner","02488"
"Parola","02597"
"Parseoni","07102"
"Partapnagar","01379"
"Partur","02484"
"Parvathipuram","08963"
"Pasan","07811"
"Passighat","0368"
"Patan","07826"
"Patan","02766"
"Patan","06560"
"Patan","07621"
"Patan","02372"
"Patera","07605"
"Pathaanamthitta","0468"
"Pathalgaon","07765"
"Pathankot","0186"
"Pathapatnam","08946"
"Pathardi","02428"
"Pathari","02451"
"Patharia","07601"
"Patiala","0175"
"Patna","0612"
"Patnagarh","06648"
"Patoda","02444"
"Pattamundai","06729"
"Patti","01851"
"Patti","05343"
"Pattikonda","08520"
"Pattukottai","04373"
"Pauni","07185"
"Pauri-I","01368"
"Pauri-Ii","01346"
"Pavagada","08136"
"Pavijetpur","02664"
"Pawai","07733"
"Payyanur","04985"
"Peapalle","08522"
"Peddapalli","08728"
"Peddapuram","08852"
"Peermedu","04869"
"Pehowa","01741"
"Peint","02558"
"Pen","02143"
"Pendra","07751"
"Penukonda","08557"
"Perambalur","04328"
"Perinthalmanna","04933"
"Perundurai","04294"
"Petlawad","07391"
"Phagi","01430"
"Phagwara","01824"
"Phalodi(E)","02923"
"Phalodi(N)","02921"
"Phalodi(S)","02925"
"Phalodi(W)","02924"
"Phaltan","02166"
"Pharenda-I","05522"
"Pharenda-Ii","05524"
"Phek","03865"
"Phillaur","01826"
"Phiringia","06845"
"Phoolpur","05332"
"Phulbani","06842"
"Phulera(E)","01424"
"Phulera(W)","01425"
"Phulmandi","01651"
"Phulparas","06277"
"Phulpur-I","05460"
"Phulpur-Ii","05465"
"Pichhore","07496"
"Piduguralla","08649"
"Piler","08584"
"Pilibhit","05882"
"Pimpalner","02561"
"Pindwara","02971"
"Pipalda","07458"
"Piparia","07576"
"Pirangut","02139"
"Pirawa","07434"
"Piro","06181"
"Pitamberpur","05821"
"Pithapuram","08869"
"Pithoragarh","05964"
"Podili","08499"
"Pohari","07490"
"Pokaran-1","02995"
"Pokaran-2","03017"
"Pokaran-3","02996"
"Pokaran-4","02994"
"Pokaran-5","03019"
"Poladpur","02191"
"Polavaram","08811"
"Pollachi","04259"
"Polur","04181"
"Ponda","08343"
"Pondicherry","0413"
"Ponnamaravathi","04333"
"Ponneri","044"
"Pooh","01785"
"Poonch","01965"
"Porbander","0286"
"Powayan","05844"
"Prabhapattan","07148"
"Prantij","02770"
"Pratapgarh","05342"
"Pratapgarh(N)","01478"
"Pratapgarh(S)","01479"
"Pratappur","07777"
"Premnagar","07776"
"Proddatur","08564"
"Pudukkottai","04322"
"Pulivendla","08568"
"Pulwama","01933"
"Punalur","0475"
"Punasa","07323"
"Pune","020"
"Punganur","08581"
"Pupri","06228"
"Puranpur","05880"
"Purena","06454"
"Puri","06752"
"Purola","01373"
"Purulia","03252"
"Puruna Katak","06843"
"Purwa","05142"
"Pusad","07233"
"Pusegaon","02375"
"Pushprajgarh","07629"
"Puttur","08251"
"Putturu","08577"
"Quadian","01872"
"Quilon","0474"
"R. Udayigiri","06817"
"R.K. Pur","03821"
"Radhanagar","02321"
"Radhanpur","02746"
"Rafiganj","06327"
"Raghogarh","07544"
"Raghunathpur","07535"
"Rahatgarh","07584"
"Rahpar","02830"
"Rahuri","02426"
"Raibag","08331"
"Raibareli","0535"
"Raichur","08532"
"Raiganj","03523"
"Raigarh","07762"
"Raipur","0771"
"Raipur","02937"
"Raipur","01481"
"Rairakhol","06644"
"Rairangpur","06794"
"Raisen","07482"
"Raisinghnagar","01507"
"Rajahmundri","0883"
"Rajampeta","08565"
"Rajandgaon","07744"
"Rajapalayam","04563"
"Rajapur","02353"
"Rajaula","02794"
"Rajauli","06336"
"Rajdhanwar","06554"
"Rajgangpur","06624"
"Rajgarh","01799"
"Rajgarh","07372"
"Rajgarh","01464"
"Rajgarh","01559"
"Rajgarh","01375"
"Rajgurunagar","02135"
"Rajkhariar","06671"
"Rajkot","0281"
"Rajmahal","06426"
"Rajouri","01962"
"Rajpipla","02640"
"Rajpur","07832"
"Rajpur","07284"
"Rajpura","01762"
"Rajsamand","02952"
"Rajura","07173"
"Ralegaon","07202"
"Ramachandrapuram","08857"
"Raman","01655"
"Ramanathpuram","04567"
"Ramannapet","08694"
"Ramban","01998"
"Ramchandrapur","07779"
"Ramdurg","08335"
"Rameshwaram","04573"
"Ramganj Mandi","07459"
"Ramgarh","06553"
"Ramgarh","01468"
"Ramnagar","06256"
"Ramnagar","01990"
"Rampachodavaram","08864"
"Rampur","0595"
"Rampur Bushahar","01782"
"Rampur Hat","03461"
"Ramsanehi Ghat","05241"
"Ramtek","07114"
"Ranaghat","03473"
"Ranavav","02801"
"Ranchi","0651"
"Ranebennur","08373"
"Rangapara","03714"
"Raniganj","06461"
"Ranikhet","05966"
"Ranipet","04172"
"Ranni","04735"
"Rapur","08621"
"Rasara","05491"
"Rashmi","01471"
"Rasipuram","04287"
"Ratangarh","01567"
"Rath","05280"
"Ratia","01697"
"Ratlam","07412"
"Ratnagiri","02352"
"Raver","02584"
"Raxaul","06255"
"Rayachoti","08561"
"Rayadurg","08495"
"Rayagada","06856"
"Rayya","01853"
"Razole","08862"
"Reasi","01991"
"Rehli","07585"
"Reodar","02975"
"Repalle","08648"
"Resubelpara","03659"
"Rewa","07662"
"Rewari","01274"
"Risod","07251"
"Robertsganj-I","05444"
"Robertsganj-Ii","05445"
"Roha","02194"
"Rohru","01781"
"Rohtak","01262"
"Rohtas","06188"
"Roing-I","03803"
"Roing-Ii","03802"
"Roing-Iii","03779"
"Ron","08381"
"Roorkee-I","01332"
"Roorkee-Ii","01334"
"Ropar","01881"
"Rosera","06275"
"Rourkela","0661"
"Rupbas","05645"
"S.Bakhtiarpur","06475"
"Sabalgarh","07536"
"Sadabad","05661"
"Sadarhills","03880"
"Sadiya","03756"
"Sadulshahar","01503"
"Safidon","01686"
"Safipur","05144"
"Sagalee","03809"
"Sagar","08183"
"Sagar","07582"
"Sagri","05466"
"Sagwara","02966"
"Sahabad","07460"
"Saharanpur","0132"
"Saharsa","06478"
"Sahaswan","05833"
"Sahibganj","06436"
"Sahjahanpur","05842"
"Saidpur","05495"
"Saiha-I","03835"
"Saiha-Ii","03836"
"Sailana","07413"
"Sakarwadi","02160"
"Sakleshpur","08173"
"Sakoli","07186"
"Sakri","02568"
"Salekasa","07180"
"Salem","0427"
"Salempur-I","05566"
"Salempur-Ii","05561"
"Salkani","08283"
"Salon-I","05311"
"Salon-Ii","05313"
"Salumber","02906"
"Saluru","08964"
"Samana","01764"
"Samastipur","06274"
"Samba","01923"
"Sambalpur","0663"
"Sambhal","05923"
"Samrala","01628"
"Samudrapur","07151"
"Sanand","02717"
"Sanchore(E)","02979"
"Sanchore(W)","02970"
"Sandila","05854"
"Sandur","08395"
"Sangamner","02425"
"Sanganeshwar","02354"
"Sangareddy","08455"
"Sangaria","01499"
"Sangli","0233"
"Sangod","07450"
"Sangola","02187"
"Sangrur","01672"
"Sanguem","08345"
"Sankagiri","04283"
"Sankaran Koil","04636"
"Sankheda","02665"
"Santalpur","02738"
"Santrampur","02675"
"Sanwer","07321"
"Saoner","07113"
"Sapotra","07465"
"Sarada","02905"
"Saraikela","06597"
"Saraipali","07725"
"Saranggarh","07768"
"Sarangpur","07371"
"Sardarpur","07296"
"Sardarshahar(N)","01563"
"Sardarshahar(S)","01564"
"Sardhana","01237"
"Sardulgarh","01659"
"Sarhind","01763"
"Sarona","07841"
"Sarwar","01496"
"Sasaram","06184"
"Saswad","02115"
"Satana","02555"
"Satara","02162"
"Sathiyamangalam","04295"
"Sathupalli","08761"
"Satna","07672"
"Sattenapalle","08641"
"Satyavedu","08576"
"Saundatti","08330"
"Saunsar","07165"
"Savanur","08378"
"Savarkundla","02845"
"Savli","02667"
"Sawaimadhopur","07462"
"Sawantwadi","02363"
"Sayan","02621"
"Sayla","02755"
"Sedam","08441"
"Seharabazar","03451"
"Sehore","07562"
"Seikhpura","06341"
"Seloo","07155"
"Semaria","07778"
"Sendhwa","07281"
"Seondha","07521"
"Seoni","07692"
"Seonimalwa","07570"
"Seppa","03787"
"Shadnagar","08548"
"Shahabad","05960"
"Shahabad","05853"
"Shahada","02565"
"Shahapur","08479"
"Shahapur","02527"
"Shahapura","01484"
"Shahdol","07652"
"Shahganj","05453"
"Shahnagar","07734"
"Shahpur","07640"
"Shahuwadi","02329"
"Shajapur","07364"
"Shakti","07757"
"Shankarnarayana","08259"
"Shehra","02670"
"Sheo (E)","02987"
"Sheo (W)","02981"
"Sheoganj","02976"
"Sheohar","06222"
"Sheopurkalan","07530"
"Shergarh(N)","02928"
"Shergarh(S)","02929"
"Sherghati","06326"
"Shertallai","0478"
"Shevgaon","02429"
"Shikaripura","08187"
"Shikohabad","05676"
"Shillong","0364"
"Shimla","0177"
"Shimoga","08182"
"Shirahatti","08487"
"Shirala","02345"
"Shirol","02322"
"Shirpur","02563"
"Shirur","02138"
"Shirwal","02169"
"Shivpuri","07492"
"Sholapur","0217"
"Shoranur","04926"
"Shorapur","08443"
"Shri Rampur","02422"
"Shrigonda","02487"
"Shrivardhan","02147"
"Shujalpur","07360"
"Sibsagar","03772"
"Siddapur","08389"
"Siddavattam","08589"
"Siddipet","08457"
"Sidhauli","05864"
"Sidhawalia","06151"
"Sidhi","07822"
"Sidhpur","02767"
"Sidlaghatta","08158"
"Sihor","02846"
"Sihora","07624"
"Sikandra Rao","05721"
"Sikandrabad","05735"
"Sikar","01572"
"Silchar","03842"
"Sileru","08938"
"Siliguri","0353"
"Sillod","02430"
"Silwani","07484"
"Simaria","06559"
"Simdega","06525"
"Sindagi","08488"
"Sinderwahi","07178"
"Sindhanur","08535"
"Sindkheda","02566"
"Sindkhedaraja","07269"
"Singhwara","06247"
"Singrauli","07805"
"Sinnar","02551"
"Sira","08135"
"Sircilla","08723"
"Sirmour","07660"
"Sirohi","02972"
"Sironcha","07131"
"Sironj","07591"
"Sirpur Kagaznagar","08738"
"Sirsa","01666"
"Sirsi","08384"
"Siruguppa","08396"
"Sitamarhi","06226"
"Sitamau","07426"
"Sitapur","07834"
"Sitapur","05862"
"Sivaganga","04575"
"Siwan","06154"
"Siwana (E)","02900"
"Siwana (W)","02901"
"Siwani","01255"
"Siyana","05736"
"Sodam","08583"
"Sohagpur","07575"
"Sohela","06685"
"Sojat","02960"
"Sojitra","02697"
"Solan","01792"
"Sompeta","08947"
"Somwarpet","08276"
"Sonapur","06654"
"Sondhwa","07395"
"Sonepur","06158"
"Sonipat","0130"
"Sonkatch","07270"
"Sorab","08184"
"Soraon","05335"
"Soro","06788"
"Soyegaon","02438"
"Spiti","01906"
"Sridungargarh(N)","01565"
"Sridungargarh(S)","01566"
"Sriganganagar","0154"
"Srikakulam","08942"
"Srikalahasthi","08578"
"Srikaranpur","01501"
"Srimadhopur","01575"
"Sriniwaspur","08157"
"Sriperumpudur","044"
"Srisailam","08524"
"Srivaikundam","04630"
"Srungavarapukota","08966"
"Sudhimalla","08741"
"Sujangarh(C )","01560"
"Sujangarh(E )","01568"
"Sujangarh(W )","01569"
"Sukma","07864"
"Sullarpet","08623"
"Sullia","08257"
"Sultanpur","05362"
"Sultanpur Lodhi","01828"
"Sumrasar","02808"
"Sunabeda","06853"
"Sunam","01676"
"Sundergarh","06622"
"Sundernagar","01907"
"Supaul","06473"
"Surada","06819"
"Surajpur","07775"
"Surat","0261"
"Suratgarh(N)","01508"
"Suratgarh(S)","01509"
"Surendranagar","02752"
"Surgena","02593"
"Suri","03462"
"Suryapet","08684"
"Susner","07361"
"T. Narsipur","08227"
"T. Rampur","06675"
"Tadepalligudem","08818"
"Tadipatri","08558"
"Talaja","02842"
"Talala","02877"
"Talasari","02521"
"Talcher","06760"
"Talegaon S.Ji Pant","07156"
"Tali","03790"
"Taliha","03791"
"Taliparamba","04982"
"Tallak","08190"
"Taloda","02567"
"Tamenglong","03877"
"Tamia","07149"
"Tamluk","03228"
"Tanda Urmar","01886"
"Tanda-I","05273"
"Tanda-Ii","05274"
"Tanduru","08411"
"Tanuku","08819"
"Tapkara","07761"
"Tarabarihat","03665"
"Tarabganj-I","05260"
"Tarabganj-Ii","05261"
"Taran Taran","01852"
"Tarana","07369"
"Taranagar","01561"
"Tarikere","08261"
"Tasgaon","02346"
"Tawang","03794"
"Tehri","01376"
"Tekkali","08945"
"Telgi","08426"
"Telkoi","06735"
"Tellicherry","0490"
"Tenali","08644"
"Tendukheda","07603"
"Tenkasi","04633"
"Teonthar","07661"
"Tezpur","03712"
"Tezu","03804"
"Thakurganj","06459"
"Thanaghazi","01465"
"Thandla","07390"
"Thanjavur","04362"
"Thara","02747"
"Tharad","02737"
"Thasra","02699"
"Theni","04546"
"Theog","01783"
"Thinghat","03873"
"Thirthahalli","08181"
"Thirumanglam","04549"
"Thiruraipoondi","04369"
"Thiruvananthapuram","0471"
"Thodupuzha","04862"
"Thoubal","03848"
"Thungaturthy","08693"
"Thuraiyure","04327"
"Tibbi","01539"
"Tijara (N)","01493"
"Tijara (S)","01469"
"Tikamgarh","07683"
"Tilhar","05841"
"Timarani","07573"
"Tindivanam","04147"
"Tinsukia","0374"
"Tiptur","08134"
"Tirivuru","08673"
"Tirora","07198"
"Tiruchendur","04639"
"Tiruchengode","04288"
"Tirunelvelli","0462"
"Tirupathi","0877"
"Tirupathur","04577"
"Tirupattur","04179"
"Tirupur","0421"
"Tirur","0494"
"Tiruttani","044"
"Tiruvalla","0469"
"Tiruvannamalai","04175"
"Tiruvarur","04366"
"Tiruvellore","044"
"Tiruvettipuram","04182"
"Tisri","06556"
"Titlagarh","06655"
"Tiwasa","07225"
"Todaraisingh","01433"
"Tohana","01692"
"Tohsam","01253"
"Tonk(N)","01435"
"Tonk(S)","01432"
"Torpa","06538"
"Toynar","07852"
"Trichur","0487"
"Trichy","0431"
"Trimbak","02594"
"Triveniganj","06477"
"Tuensang","03861"
"Tuljapur","02471"
"Tumkur","0816"
"Tumsar","07183"
"Tumudibandha","06840"
"Tuni","08854"
"Tura","03651"
"Turuvekere","08139"
"Tuticorin","0461"
"Tuting","03799"
"Udaipur","07833"
"Udaipur","01909"
"Udaipura","07485"
"Udaipurwati","01594"
"Udakishanganj","06479"
"Udala","06795"
"Udalgiri","03711"
"Udarbondh","03841"
"Udaygiri","08620"
"Udgir","02385"
"Udumalpet","04252"
"Udupi","0820"
"Ujjain","0734"
"Ukhimath","01364"
"Ukhrul Central","03845"
"Ukhrul South","03870"
"Ulundurpet","04149"
"Ulvapadu","08599"
"Umariapan","07625"
"Umarkhed","07231"
"Umerkote","06866"
"Umrane","02598"
"Umrer","07116"
"Una","01975"
"Una-Diu","02875"
"Uniayara","01436"
"Unnao","0515"
"Upleta","02826"
"Uppala","04998"
"Uproda","07810"
"Uravakonda","08496"
"Urlikanchan","02136"
"Usiliampatti","04552"
"Uthangarai","04341"
"Utnor","08731"
"Utraula","05265"
"V.R.Puram","08748"
"Vadakkanchery","04884"
"Vadgam","02739"
"Vadodara","0265"
"Vaduj","02161"
"Vaimpalli","08588"
"Valapady","04292"
"Valia","02643"
"Vallabhipur","02841"
"Vallabhnagar","02957"
"Valliyoor","04637"
"Valod","02625"
"Valsad","02632"
"Vaniyambadi","04174"
"Vanthali","02872"
"Vapi","0260"
"Varanasi","0542"
"Vav","02740"
"Vayalpad","08586"
"Vedasandur","04551"
"Velhe","02130"
"Vellore","0416"
"Velur","04268"
"Vengurla","02366"
"Venkatgiri","08625"
"Venkatgirikota","08587"
"Veraval","02876"
"Vidisha","07592"
"Vijapur","02763"
"Vijapur","02436"
"Vijayawada","0866"
"Vijayraghogarh","07626"
"Vikom","04829"
"Vikrabad","08416"
"Vilathikulam","04638"
"Villupuram","04146"
"Vinjamuru","08629"
"Vinukonda","08646"
"Virajpet","08274"
"Viramgam","02715"
"Viratnagar","01422"
"Virudhachalam","04143"
"Virudhunagar","04562"
"Visakhapatnam","0891"
"Visavadar","02873"
"Visnagar","02765"
"Vita","02347"
"Vizayanagaram","08922"
"Vuyyuru","08676"
"Vyara","02626"
"Wada","02526"
"Wadi","08476"
"Wadrainagar","07772"
"Waghodia","02668"
"Wai","02167"
"Walchandnagar","02118"
"Wanaparthy","08543"
"Wandiwash","04183"
"Wani","07239"
"Wankaner","02828"
"Warangal","0870"
"Waraseoni","07633"
"Wardha","07152"
"Wardhannapet","08711"
"Warlydwarud","07229"
"Warora","07176"
"Washim","07252"
"Wathar","02371"
"Wazirganj","06322"
"Williamnagar","03658"
"Wokha","03860"
"Yadgiri","08473"
"Yawal","02585"
"Yelamanchili","08931"
"Yelavaram","08865"
"Yelburga","08534"
"Yeleswaram","08868"
"Yellandu","08745"
"Yellanuru","08550"
"Yellapur","08419"
"Yellareddy","08465"
"Yeola","02559"
"Yeotmal","07232"
"Yercaud","04281"
"Yerragondapalem","08403"
"Yiang Kiag","03777"
"Zahirabad","08451"
"Zamania","05497"
"Zhirnia","07289"
"Zira","01682"
"Zunheboto","03867"
